City_ID,City,Country,Lat,Lng,Max Temp,Humidity,Cloudiness,Wind Speed,Current Description
0,Mataura,NZ,-46.1927,168.8643,50.49,87,100,5.12,light rain
1,Kloulklubed,PW,7.0419,134.2556,77.5,72,100,4.32,overcast clouds
2,Healesville,AU,-37.65,145.5167,53.02,74,100,1.99,overcast clouds
3,Busselton,AU,-33.65,115.3333,41.09,86,5,7.56,clear sky
4,Thompson,CA,55.7435,-97.8558,51.96,62,90,17.27,overcast clouds
5,Puerto Ayora,EC,-0.7393,-90.3518,76.96,86,99,5.99,overcast clouds
6,Kruisfontein,ZA,-34.0033,24.7314,58.89,78,100,5.17,overcast clouds
7,Saint-Philippe,RE,-21.3585,55.7679,71.19,83,38,14.74,light rain
8,Ushuaia,AR,-54.8,-68.3,44.26,45,40,14.97,scattered clouds
9,Punta Arenas,CL,-53.15,-70.9167,51.91,28,0,18.41,clear sky
10,Khatanga,RU,71.9667,102.5,42.01,68,12,9.28,few clouds
11,Castro,BR,-24.7911,-50.0119,66.74,73,100,5.64,overcast clouds
12,Ariquemes,BR,-9.9133,-63.0408,95.43,35,58,2.44,broken clouds
13,Hobart,AU,-42.8794,147.3294,42.66,86,90,3.0,overcast clouds
14,Namibe,AO,-15.1961,12.1522,67.48,90,100,3.47,overcast clouds
15,Paamiut,GL,61.994,-49.6678,45.45,94,100,8.7,moderate rain
16,Kuzino,RU,57.0224,59.4412,35.37,85,35,7.38,scattered clouds
17,Upernavik,GL,72.7868,-56.1549,26.01,49,0,7.43,clear sky
18,Camacha,PT,33.0833,-16.3333,76.53,73,20,8.05,few clouds
19,Dunedin,NZ,-45.8742,170.5036,45.81,80,100,17.0,light rain
20,San Patricio,US,28.017,-97.5169,91.81,42,0,11.86,clear sky
21,Rikitea,PF,-23.1203,-134.9692,73.81,70,47,12.12,scattered clouds
22,Sur,OM,22.5667,59.5289,87.55,61,59,6.98,broken clouds
23,Nuuk,GL,64.1835,-51.7216,43.41,65,75,11.5,broken clouds
24,Portland,US,45.5234,-122.6762,74.46,56,40,1.99,scattered clouds
25,Belle Fourche,US,44.6714,-103.8522,90.5,27,0,7.09,clear sky
26,Cape Town,ZA,-33.9258,18.4232,60.89,87,75,3.0,broken clouds
27,Port Lincoln,AU,-34.7333,135.8667,52.54,57,27,19.95,scattered clouds
28,Marawi,PH,7.9986,124.2928,66.65,86,100,2.33,overcast clouds
29,Bluff,NZ,-46.6,168.3333,50.81,69,100,21.85,light rain
30,Awjilah,LY,29.1081,21.2869,92.89,23,0,5.99,clear sky
31,Lata,PT,40.1629,-8.3327,77.04,77,66,2.95,broken clouds
32,Katsuura,JP,35.1333,140.3,75.31,91,100,8.41,overcast clouds
33,Maluso,PH,6.543,121.8753,78.89,85,100,5.53,overcast clouds
34,Skoczow,PL,49.8009,18.7877,70.02,64,5,5.53,clear sky
35,Jamestown,US,42.097,-79.2353,75.02,50,40,13.0,scattered clouds
36,Namalenga,TZ,-10.95,39.1,71.22,73,27,10.04,scattered clouds
37,Visnes,NO,59.3556,5.2242,61.57,100,90,10.36,mist
38,Cabo San Lucas,MX,22.8909,-109.9124,89.51,70,1,8.05,clear sky
39,Hermanus,ZA,-34.4187,19.2345,57.9,87,99,8.3,overcast clouds
40,Bredasdorp,ZA,-34.5322,20.0403,54.72,88,69,3.44,broken clouds
41,Kapaa,US,22.0752,-159.319,79.12,59,100,5.01,overcast clouds
42,Albany,US,42.6001,-73.9662,77.04,52,23,7.94,few clouds
43,Honningsvag,NO,70.9821,25.9704,43.59,71,99,0.72,overcast clouds
44,Te Anau,NZ,-45.4167,167.7167,41.81,95,91,10.13,overcast clouds
45,New Norfolk,AU,-42.7826,147.0587,42.3,81,10,5.01,light rain
46,Cherskiy,RU,68.75,161.3,25.12,79,100,1.28,overcast clouds
47,Gudivada,IN,16.45,80.9833,78.35,90,100,5.19,overcast clouds
48,Avarua,CK,-21.2078,-159.775,77.05,83,20,11.5,few clouds
49,Port Alfred,ZA,-33.5906,26.891,71.74,72,19,12.24,few clouds
50,Pedasi,PA,7.5333,-80.0333,82.15,74,100,11.03,overcast clouds
51,Ukiah,US,39.1502,-123.2078,92.12,37,1,3.44,clear sky
52,Tilichiki,RU,60.4667,166.1,35.38,64,67,21.3,broken clouds
53,Pevek,RU,69.7008,170.3133,29.23,79,100,14.2,overcast clouds
54,Moussoro,TD,13.6408,16.4901,87.37,54,100,13.33,overcast clouds
55,Lavrentiya,RU,65.5833,-171.0,41.72,85,100,13.18,light rain
56,Monrovia,LR,6.3005,-10.7969,78.78,83,100,7.29,overcast clouds
57,Rohru,IN,31.2167,77.75,62.73,85,100,4.38,overcast clouds
58,Awbari,LY,26.5921,12.7805,91.9,15,0,10.25,clear sky
59,Atuona,PF,-9.8,-139.0333,78.04,75,51,15.79,broken clouds
60,Hithadhoo,MV,-0.6,73.0833,82.98,69,100,6.64,overcast clouds
61,Georgetown,MY,5.4112,100.3354,78.89,91,20,3.44,few clouds
62,Carnarvon,AU,-24.8667,113.6333,60.87,67,0,16.11,clear sky
63,Belmonte,BR,-15.8631,-38.8828,82.4,67,0,10.22,clear sky
64,Tautira,PF,-17.7333,-149.15,78.82,62,43,12.73,scattered clouds
65,Neryungri,RU,56.6709,124.6491,43.59,90,0,2.48,clear sky
66,Bathsheba,BB,13.2167,-59.5167,90.21,79,40,14.97,scattered clouds
67,Ixtapa,MX,20.7,-105.2,88.23,70,1,5.75,clear sky
68,Lebu,CL,-37.6167,-73.65,53.55,91,99,30.94,overcast clouds
69,Ola,RU,59.5833,151.2833,35.56,62,10,7.92,clear sky
70,Nikolskoye,RU,59.7035,30.7861,57.09,99,100,3.67,overcast clouds
71,Jijiga,ET,9.35,42.8,63.88,87,100,9.66,moderate rain
72,Ketchikan,US,55.3422,-131.6461,53.64,98,100,6.42,moderate rain
73,Vaini,TO,-21.2,-175.2,71.76,94,75,6.91,light rain
74,Pangody,RU,65.85,74.4859,46.0,59,100,10.76,overcast clouds
75,Kavaratti,IN,10.5669,72.642,82.04,81,100,18.57,overcast clouds
76,Vermilion,US,40.1667,-87.7506,86.31,53,1,14.97,clear sky
77,Bilma,NE,18.6853,12.9164,98.55,16,89,6.11,overcast clouds
78,Kodiak,US,57.79,-152.4072,51.04,70,100,1.05,overcast clouds
79,Salvador,SV,13.8333,-88.9167,75.36,81,100,2.08,overcast clouds
80,Akhalgori,GE,42.126,44.4833,69.31,87,35,2.62,scattered clouds
81,Tuktoyaktuk,CA,69.4541,-133.0374,46.4,81,75,16.11,broken clouds
82,Butaritari,KI,3.0707,172.7902,82.94,76,17,19.48,light rain
83,Barrow,US,71.2906,-156.7887,35.62,100,90,5.75,fog
84,Delano,US,35.7688,-119.247,88.32,28,1,0.0,clear sky
85,Caravelas,BR,-17.7125,-39.2481,78.96,67,0,10.11,clear sky
86,Dawei,MM,14.0833,98.2,74.37,92,93,1.72,overcast clouds
87,Yellowknife,CA,62.456,-114.3525,48.72,71,90,18.41,overcast clouds
88,Kavieng,PG,-2.5744,150.7967,81.52,75,80,6.42,broken clouds
89,Akcakoca,TR,41.0866,31.1162,63.79,80,1,3.74,clear sky
90,Fare,PF,-16.7,-151.0167,77.02,73,31,16.73,light rain
91,Narsaq,GL,60.9167,-46.05,45.79,79,100,17.43,moderate rain
92,Dakar,SN,14.6937,-17.4441,83.28,78,75,9.22,broken clouds
93,Hilo,US,19.7297,-155.09,82.27,75,58,1.99,light rain
94,Valea Mare,RO,44.4667,24.4333,69.69,31,17,3.83,light rain
95,Victoria,HK,22.2855,114.1577,87.96,88,12,1.01,light rain
96,Havre-Saint-Pierre,CA,50.2334,-63.5986,62.96,72,75,16.11,broken clouds
97,Hit,IQ,33.6416,42.8251,85.48,29,0,10.25,clear sky
98,Kutum,SD,14.2,24.6667,80.01,55,7,0.43,clear sky
99,Leh,IN,34.1667,77.5833,56.52,61,88,7.49,overcast clouds
100,Chumikan,RU,54.7183,135.315,49.03,86,80,8.61,broken clouds
101,Ayapel,CO,8.3137,-75.1398,83.01,67,100,3.02,overcast clouds
102,Sao Pedro Do Piaui,BR,-5.9294,-42.7186,102.92,14,13,4.88,few clouds
103,Borda Da Mata,BR,-22.2742,-46.1653,83.16,58,100,1.39,overcast clouds
104,High Level,CA,58.5169,-117.136,53.71,82,75,8.05,broken clouds
105,Rundu,NA,-17.9333,19.7667,69.84,26,5,6.76,clear sky
106,Saiha,IN,22.4833,92.9667,68.67,98,96,2.98,overcast clouds
107,Terrace,CA,54.5163,-128.6035,59.43,82,75,12.66,light rain
108,Clyde River,CA,70.4692,-68.5914,33.19,82,100,18.81,light snow
109,Bonthe,SL,7.5264,-12.505,78.62,82,100,6.22,overcast clouds
110,Isangel,VU,-19.55,169.2667,59.11,88,5,4.61,clear sky
111,Constitucion,CL,-35.3333,-72.4167,54.36,92,100,28.95,light rain
112,Victor Harbor,AU,-35.5667,138.6167,53.69,74,53,16.2,broken clouds
113,Ambon,ID,-3.6954,128.1814,77.14,94,40,3.44,light rain
114,Bonavista,CA,48.6499,-53.1147,69.12,67,0,25.99,clear sky
115,Marystown,CA,47.1666,-55.1483,62.94,76,0,26.31,clear sky
116,Ilulissat,GL,69.2167,-51.1,31.03,51,0,12.01,clear sky
117,Fairmont,US,39.4851,-80.1426,78.26,57,0,1.01,clear sky
118,Sendai,JP,38.2689,140.8719,65.32,86,0,3.85,clear sky
119,Manokwari,ID,-0.8667,134.0833,77.65,75,72,2.64,broken clouds
120,Harper,LR,4.375,-7.7169,78.91,86,33,7.96,scattered clouds
121,Hasaki,JP,35.7333,140.8333,73.8,89,98,5.44,overcast clouds
122,Quatre Cocos,MU,-20.2078,57.7625,71.71,78,99,17.72,overcast clouds
123,Qaanaaq,GL,77.484,-69.3632,23.32,70,11,6.91,few clouds
124,Kawalu,ID,-7.3817,108.2082,72.32,95,100,1.83,overcast clouds
125,Margate,GB,51.3813,1.3862,66.06,73,100,1.99,overcast clouds
126,Tiksi,RU,71.6872,128.8694,44.1,56,37,9.13,scattered clouds
127,Mahebourg,MU,-20.4081,57.7,71.89,78,75,14.97,broken clouds
128,Marfino,RU,55.7028,37.3822,60.75,94,65,4.47,broken clouds
129,Kaitangata,NZ,-46.2817,169.8464,43.03,84,100,6.24,overcast clouds
130,Khovu-Aksy,RU,51.1333,93.6,43.52,59,27,4.54,scattered clouds
131,Bethel,US,41.3712,-73.414,77.49,60,40,4.0,scattered clouds
132,Hamilton,US,39.1834,-84.5333,82.65,56,20,1.99,few clouds
133,Guadalupe Y Calvo,MX,26.1,-106.9667,73.63,24,0,9.75,clear sky
134,East London,ZA,-33.0153,27.9116,77.94,50,0,3.44,clear sky
135,Port Elizabeth,ZA,-33.918,25.5701,61.11,94,90,16.11,overcast clouds
136,Inhambane,MZ,-23.865,35.3833,67.98,77,40,4.61,scattered clouds
137,Alofi,NU,-19.0595,-169.9187,71.49,100,33,6.91,scattered clouds
138,Chokurdakh,RU,70.6333,147.9167,35.76,67,100,13.04,overcast clouds
139,Shache,CN,38.4167,77.2406,76.5,25,100,12.35,overcast clouds
140,Jieshi,CN,22.8134,115.8257,84.58,78,94,10.29,overcast clouds
141,Iqaluit,CA,63.7506,-68.5145,40.73,45,90,10.36,overcast clouds
142,Havelock,US,34.8791,-76.9013,85.05,58,0,4.0,clear sky
143,Ziro,IN,27.6333,93.8333,58.1,92,99,2.01,overcast clouds
144,Saskylakh,RU,71.9167,114.0833,45.5,70,80,7.76,broken clouds
145,Cidreira,BR,-30.1811,-50.2056,66.43,65,0,7.34,clear sky
146,Longyearbyen,SJ,78.2186,15.6401,33.64,75,0,5.75,clear sky
147,Khromtau,KZ,50.2503,58.4347,47.17,59,5,10.63,clear sky
148,Pozo Colorado,PY,-23.4923,-58.7972,91.08,24,0,7.54,clear sky
149,Tabou,CI,4.423,-7.3528,78.48,87,22,8.14,few clouds
150,Grand Gaube,MU,-20.0064,57.6608,72.0,76,100,5.99,overcast clouds
151,Linxia,CN,35.6003,103.2064,60.8,70,0,3.8,clear sky
152,Norman Wells,CA,65.282,-126.8329,51.84,87,90,8.05,light rain
153,Xining,CN,36.6167,101.7667,57.97,66,0,2.35,clear sky
154,Namatanai,PG,-3.6667,152.4333,78.6,80,67,5.17,broken clouds
155,Bojnurd,IR,37.4747,57.329,69.75,46,0,2.3,clear sky
156,Okhotsk,RU,59.3833,143.3,45.19,71,0,3.53,clear sky
157,Sao Filipe,CV,14.8961,-24.4956,80.13,76,100,5.41,overcast clouds
158,Zilair,RU,52.2332,57.4392,37.26,75,42,3.38,scattered clouds
159,Umm Lajj,SA,25.0213,37.2685,83.07,68,1,10.54,clear sky
160,Sinnamary,GF,5.3833,-52.95,84.42,66,7,12.88,clear sky
161,Bantva,IN,21.4864,70.0689,79.43,91,99,8.9,overcast clouds
162,Oussouye,SN,12.485,-16.5469,89.78,79,99,7.43,overcast clouds
163,Bengkulu,ID,-3.8004,102.2655,75.2,93,99,5.75,overcast clouds
164,Naryan-Mar,RU,67.6713,53.087,35.94,93,71,7.99,broken clouds
165,Oakdale,US,44.963,-92.9649,80.67,63,1,6.91,clear sky
166,Fortuna,US,40.5982,-124.1573,69.93,66,1,3.0,clear sky
167,Port Blair,IN,11.6667,92.75,81.19,84,57,19.22,broken clouds
168,Cap Malheureux,MU,-19.9842,57.6142,72.09,76,100,5.99,overcast clouds
169,Garissa,KE,-0.4536,39.6401,76.93,63,70,24.72,broken clouds
170,Peterhead,GB,57.5058,-1.7981,59.4,92,97,28.1,overcast clouds
171,Witu,KE,-2.3889,40.4382,75.11,80,13,13.67,few clouds
172,Padang,ID,-0.9492,100.3543,75.25,86,85,3.18,overcast clouds
173,Zaozerne,UA,45.1582,33.2787,65.95,63,100,11.95,overcast clouds
174,Nieuw Amsterdam,SR,5.8833,-55.0833,91.56,60,40,2.3,scattered clouds
175,Luderitz,NA,-26.6481,15.1594,58.21,75,2,12.84,clear sky
176,Farafangana,MG,-22.8167,47.8333,66.67,84,73,6.58,light rain
177,Jurmala,LV,56.968,23.7704,62.62,94,75,4.61,light intensity shower rain
178,Tasiilaq,GL,65.6145,-37.6368,39.36,58,100,9.37,overcast clouds
179,Saint George,US,37.1041,-113.5841,99.07,25,1,1.01,clear sky
180,Esperance,AU,-33.8667,121.9,51.64,67,68,10.58,broken clouds
181,Lerwick,GB,60.1545,-1.1494,51.8,77,100,20.6,overcast clouds
182,Lovozero,RU,68.005,35.0117,36.23,88,78,7.54,broken clouds
183,Galesong,ID,-5.3166,119.3661,75.22,86,66,3.56,broken clouds
184,San Cristobal,VE,7.7669,-72.225,77.18,81,100,5.73,overcast clouds
185,Nome,US,64.5011,-165.4064,42.87,87,90,6.91,overcast clouds
186,Los Llanos De Aridane,ES,28.6585,-17.9182,73.15,83,75,10.36,broken clouds
187,Mar Del Plata,AR,-38.0023,-57.5575,57.22,82,90,11.5,overcast clouds
188,Basco,PH,20.4487,121.9702,80.2,92,100,42.75,heavy intensity rain
189,Rio Grande,BR,-32.035,-52.0986,64.51,83,84,5.93,broken clouds
190,Ilhabela,BR,-23.7781,-45.3581,73.67,70,16,3.6,few clouds
191,Leningradskiy,RU,69.3833,178.4167,28.47,92,100,18.88,light snow
192,Rio Gallegos,AR,-51.6226,-69.2181,51.85,24,0,18.41,clear sky
193,Gospic,HR,44.5461,15.3747,60.49,67,9,4.52,clear sky
194,Russell,US,32.3502,-85.1999,85.91,57,30,7.05,scattered clouds
195,Koygorodok,RU,60.445,50.9968,43.97,80,84,9.08,broken clouds
196,Berlevag,NO,70.8578,29.0864,43.38,75,100,11.5,overcast clouds
197,Sioux Lookout,CA,50.1001,-91.917,60.87,55,40,14.97,scattered clouds
198,Klaksvik,FO,62.2266,-6.589,50.92,80,89,6.44,overcast clouds
199,Ostrovnoy,RU,68.0531,39.5131,40.73,81,97,13.85,overcast clouds
200,Half Moon Bay,US,37.4636,-122.4286,84.06,72,46,7.99,scattered clouds
201,Bambous Virieux,MU,-20.3428,57.7575,71.85,78,75,14.97,broken clouds
202,Hope,US,33.6671,-93.5916,84.85,34,0,6.67,clear sky
203,Saint Anthony,US,45.0205,-93.218,80.26,56,1,5.75,clear sky
204,Iskateley,RU,67.6803,53.1512,35.91,93,82,7.92,broken clouds
205,Faya,SA,18.3851,42.4509,71.71,54,74,3.31,broken clouds
206,Prince Rupert,CA,54.3161,-130.3201,57.29,85,90,8.05,light rain
207,Korla,CN,41.7597,86.1469,72.48,30,80,6.62,broken clouds
208,Torbay,CA,47.6666,-52.7314,68.29,75,20,27.63,few clouds
209,Pisco,PE,-13.7,-76.2167,64.45,77,40,9.22,scattered clouds
210,Mayo,US,38.8876,-76.5119,81.93,54,81,3.0,broken clouds
211,Mahon,ES,39.8885,4.2658,75.76,73,0,2.3,clear sky
212,Pinhao,BR,-25.6956,-51.6597,72.14,55,88,4.34,overcast clouds
213,San Ramon,US,37.7799,-121.978,86.23,50,0,1.99,clear sky
214,Korem,ET,12.5058,39.5228,61.39,66,24,2.55,few clouds
215,Sobolevo,RU,54.4299,31.8996,58.55,77,89,5.77,overcast clouds
216,Chuy,UY,-33.6971,-53.4616,60.6,81,62,5.91,broken clouds
217,Viedma,AR,-40.8135,-62.9967,68.76,41,100,24.58,moderate rain
218,Benghazi,LY,32.1167,20.0667,82.8,64,0,4.14,clear sky
219,Novo Aripuana,BR,-5.1206,-60.3797,92.14,46,95,2.77,overcast clouds
220,Emba,KZ,48.8264,58.1442,52.34,42,1,10.6,clear sky
221,Ribeira Grande,PT,38.5167,-28.7,72.0,73,20,14.97,few clouds
222,Novoleushkovskaya,RU,45.9956,39.9921,68.94,49,100,7.2,light rain
223,Todos Santos,MX,23.45,-110.2167,90.01,70,68,8.19,broken clouds
224,Elvas,PT,38.8815,-7.1628,82.62,41,55,3.15,broken clouds
225,San Quintin,MX,30.4833,-115.95,80.02,66,1,12.53,clear sky
226,Wonthaggi,AU,-38.6044,145.5913,53.06,77,80,16.84,light rain
227,Flin Flon,CA,54.7682,-101.865,51.64,62,75,10.36,broken clouds
228,Poum,NC,-20.2333,164.0167,69.22,68,0,8.7,clear sky
229,Kenai,US,60.5544,-151.2583,54.03,83,40,3.44,scattered clouds
230,Vao,NC,-22.6667,167.4833,67.48,61,84,13.89,broken clouds
231,Ponta Do Sol,PT,32.6667,-17.1,80.01,80,7,7.29,clear sky
232,Aklavik,CA,68.2191,-135.0107,48.92,81,75,9.22,broken clouds
233,Alice Springs,AU,-23.7,133.8833,56.75,33,0,5.75,clear sky
234,Teya,RU,60.3778,92.6267,49.19,88,100,6.44,overcast clouds
235,Naze,JP,28.3667,129.4833,77.41,84,100,3.04,overcast clouds
236,Faanui,PF,-16.4833,-151.75,77.43,70,12,15.43,few clouds
237,Guerrero Negro,MX,27.9769,-114.0611,86.13,54,64,6.38,broken clouds
238,Mamakan,RU,57.8161,114.0028,50.95,96,100,0.85,light rain
239,Provideniya,RU,64.3833,-173.3,42.67,80,99,10.54,light rain
240,Tomatlan,MX,19.9333,-105.25,90.5,58,8,6.96,clear sky
241,Union,US,40.6334,-74.2663,80.98,48,40,5.75,scattered clouds
242,Kahului,US,20.8947,-156.47,80.96,73,7,8.23,clear sky
243,Kununurra,AU,-15.7667,128.7333,64.38,77,5,0.0,clear sky
244,Havoysund,NO,70.9963,24.6622,41.88,77,100,4.54,overcast clouds
245,Lompoc,US,34.6391,-120.4579,86.56,77,1,4.0,clear sky
246,Vardo,NO,70.3705,31.1107,43.16,74,81,12.37,broken clouds
247,Puerto Ayacucho,VE,5.6639,-67.6236,85.03,73,95,1.97,overcast clouds
248,Sorland,NO,67.667,12.6934,49.33,71,17,11.3,few clouds
249,Sibolga,ID,1.7427,98.7792,76.71,90,100,1.9,moderate rain
250,Anadyr,RU,64.75,177.4833,32.5,100,90,15.66,light snow
251,Arraial Do Cabo,BR,-22.9661,-42.0278,75.16,88,40,13.8,scattered clouds
252,Oriximina,BR,-1.7656,-55.8661,93.6,39,82,7.18,broken clouds
253,Beidao,CN,34.5686,105.8933,63.46,91,2,3.65,clear sky
254,Hurup,DK,56.7494,8.4195,64.47,3,100,8.55,overcast clouds
255,Cabedelo,BR,-6.9811,-34.8339,84.87,66,25,14.92,scattered clouds
256,Galveston,US,29.3669,-94.9669,90.09,60,40,4.0,scattered clouds
257,Senneterre,CA,48.3835,-77.2328,68.22,59,100,14.43,overcast clouds
258,Fort Nelson,CA,58.8053,-122.7002,58.59,77,75,2.3,broken clouds
259,Wajima,JP,37.4,136.9,71.96,81,0,8.5,clear sky
260,Beberibe,BR,-4.1797,-38.1306,84.24,68,6,16.71,clear sky
261,Krasnoselkup,RU,65.7,82.4667,43.39,90,39,7.92,scattered clouds
262,Dauriya,RU,49.9333,116.8667,49.21,93,100,4.92,overcast clouds
263,Brae,GB,60.3964,-1.353,51.71,75,100,17.09,overcast clouds
264,Marquette,US,46.5333,-87.6335,67.68,84,19,11.52,few clouds
265,Avera,US,33.194,-82.5271,86.72,31,0,5.28,clear sky
266,Bac Lieu,VN,9.285,105.7244,78.49,86,100,14.0,overcast clouds
267,Frederico Westphalen,BR,-27.3592,-53.3944,75.15,34,0,0.6,clear sky
268,Amahai,ID,-3.3333,128.9167,76.69,90,90,1.99,overcast clouds
269,Yabassi,CM,4.457,9.9682,71.24,98,100,3.56,moderate rain
270,Pangai,TO,-19.8,-174.35,75.31,83,75,13.8,moderate rain
271,Ushtobe,KZ,45.2514,77.9838,62.28,27,0,7.25,clear sky
272,Nemuro,JP,43.3236,145.575,61.59,88,100,9.24,overcast clouds
273,Puerto Escondido,MX,15.85,-97.0667,79.63,69,75,9.22,broken clouds
274,Xinzhi,CN,36.4989,111.7047,73.76,61,0,3.56,clear sky
275,Sai Buri,TH,6.7013,101.6168,77.25,89,100,4.34,overcast clouds
276,Bartica,GY,6.4,-58.6167,91.72,63,44,4.76,light rain
277,La Ronge,CA,55.1001,-105.2842,52.02,66,40,4.61,scattered clouds
278,Richards Bay,ZA,-28.783,32.0377,67.78,63,0,17.52,clear sky
279,Teknaf,BD,20.8624,92.3058,78.31,87,99,16.98,overcast clouds
280,Hailar,CN,49.2,119.7,43.38,90,100,3.91,overcast clouds
281,Velasco Ibarra,EC,-1.05,-79.6167,82.58,59,99,6.08,overcast clouds
282,Codrington,AU,-38.2667,141.9667,45.54,88,99,13.67,overcast clouds
283,Olafsvik,IS,64.8945,-23.7142,45.45,62,39,12.57,scattered clouds
284,Vestmannaeyjar,IS,63.4427,-20.2734,52.79,87,20,12.66,few clouds
285,Mackenzie,CA,55.2999,-123.1698,61.02,48,1,12.66,clear sky
286,Dunmore Town,BS,25.5,-76.65,84.45,71,5,11.39,clear sky
287,Tonj,SS,7.2737,28.6822,74.5,82,100,1.61,overcast clouds
288,Udachnyy,RU,66.4167,112.4,44.06,75,99,3.91,overcast clouds
289,Korsakov,RU,46.6328,142.7813,58.84,88,82,2.75,broken clouds
290,Burnie,AU,-41.0667,145.9167,43.45,84,94,8.39,light rain
291,Arti,RU,56.4234,58.5328,36.9,82,88,4.76,overcast clouds
292,Pyay,MM,18.8167,95.2167,74.89,95,100,10.25,overcast clouds
293,Xunchang,CN,28.4543,104.715,73.09,93,100,0.34,light rain
294,Puerto Madryn,AR,-42.7692,-65.0385,60.22,60,100,20.54,overcast clouds
295,Stettler,CA,52.3168,-112.7186,55.24,100,100,11.5,overcast clouds
296,Nishihara,JP,26.1842,127.7558,82.45,92,90,16.11,overcast clouds
297,Aksha,RU,50.2814,113.2867,49.42,93,100,0.45,moderate rain
298,Omboue,GA,-1.5746,9.2618,77.09,85,100,11.01,light rain
299,Lorengau,PG,-2.0226,147.2712,79.97,79,100,7.56,light rain
300,Gawler,AU,-34.6,138.7333,53.11,72,100,12.08,overcast clouds
301,Ancud,CL,-41.8697,-73.8203,51.42,91,100,20.54,light rain
302,Roald,NO,62.5833,6.1333,62.17,94,75,11.5,broken clouds
303,Tuatapere,NZ,-46.1333,167.6833,50.83,84,100,11.03,overcast clouds
304,Galle,LK,6.0367,80.217,79.7,82,65,11.18,broken clouds
305,Yinchuan,CN,38.4681,106.2731,75.45,43,0,10.04,clear sky
306,Lazaro Cardenas,MX,17.9583,-102.2,85.03,78,99,9.26,overcast clouds
307,Carutapera,BR,-1.195,-46.02,85.98,58,10,10.58,clear sky
308,Huarmey,PE,-10.0681,-78.1522,68.22,74,100,11.43,overcast clouds
309,Dokka,NO,60.84,10.0618,61.07,98,100,1.68,overcast clouds
310,Riyadh,SA,24.6877,46.7219,91.54,12,9,10.65,clear sky
311,Aleksandrovskiy Zavod,RU,50.9237,117.9374,48.61,96,100,2.37,heavy intensity rain
312,Shingu,JP,33.7333,135.9833,76.91,90,100,4.16,overcast clouds
313,Ulaanbaatar,MN,47.9077,106.8832,44.73,87,75,15.66,broken clouds
314,Sile,TR,41.1754,29.6133,66.87,70,6,2.91,clear sky
315,Airai,TL,-8.9266,125.4092,57.92,83,100,1.63,overcast clouds
316,Colares,PT,38.7992,-9.4469,77.99,73,20,8.05,few clouds
317,Nevyansk,RU,57.4953,60.2112,37.4,82,6,10.29,clear sky
318,Pasinler,TR,39.9803,41.6764,61.79,65,0,6.4,clear sky
319,Vanimo,PG,-2.6741,141.3028,76.14,91,67,5.99,broken clouds
320,Meulaboh,ID,4.1363,96.1285,76.62,90,75,3.27,broken clouds
321,Neepawa,CA,50.2289,-99.4664,64.8,37,100,7.36,overcast clouds
322,Tudela,ES,42.0617,-1.6045,82.27,44,96,2.71,overcast clouds
323,Aykhal,RU,66.0,111.5,41.79,77,94,3.67,overcast clouds
324,Nabire,ID,-3.3667,135.4833,74.93,92,76,2.53,broken clouds
325,Laguna,US,38.421,-121.4238,91.24,45,1,1.99,clear sky
326,Nanortalik,GL,60.1432,-45.2371,44.19,79,100,25.86,moderate rain
327,Mamit,IN,23.9333,92.4833,69.64,99,100,2.95,light rain
328,Redding,US,40.5865,-122.3917,91.78,35,0,5.01,clear sky
329,Nisia Floresta,BR,-6.0911,-35.2086,85.01,55,5,15.3,clear sky
330,Jacareacanga,BR,-6.2222,-57.7528,90.52,47,82,4.85,broken clouds
331,Port Hueneme,US,34.1478,-119.1951,99.61,60,20,11.5,fog
332,Mount Gambier,AU,-37.8333,140.7667,44.51,87,75,19.57,moderate rain
333,Iquique,CL,-20.2208,-70.1431,59.04,66,93,4.34,overcast clouds
334,Auki,SB,-8.7676,160.7034,75.96,88,20,5.06,few clouds
335,Kollam,IN,8.8833,76.6,82.27,83,100,8.77,overcast clouds
336,Bereznik,RU,62.8551,42.7072,39.78,94,4,4.92,clear sky
337,Senanga,ZM,-16.1167,23.2667,73.38,27,67,8.25,broken clouds
338,Bowen,AU,-20.0167,148.2333,59.22,73,64,10.98,light rain
339,Mogadishu,SO,2.0371,45.3438,78.44,81,79,19.86,broken clouds
340,Isla Mujeres,MX,21.2311,-86.731,82.04,84,100,11.65,overcast clouds
341,Quelimane,MZ,-17.8786,36.8883,72.28,69,71,7.43,broken clouds
342,Barranca,PE,-10.75,-77.7667,66.0,74,100,11.1,overcast clouds
343,Noumea,NC,-22.2763,166.4572,58.98,63,41,9.42,scattered clouds
344,Coromandel,BR,-18.4733,-47.2003,92.28,13,4,5.5,clear sky
345,Bandarbeyla,SO,9.4942,50.8122,78.49,81,100,31.14,overcast clouds
346,Xichang,CN,27.8964,102.2634,66.27,89,99,1.61,overcast clouds
347,Sakakah,SA,29.9697,40.2064,87.37,31,0,14.5,clear sky
348,Hambantota,LK,6.1241,81.1185,79.14,100,20,9.22,few clouds
349,Leshukonskoye,RU,64.8989,45.7622,35.96,95,8,5.46,clear sky
350,Wilmington,US,34.2257,-77.9447,84.97,53,0,4.0,clear sky
351,La Rioja,ES,42.25,-2.5,70.05,62,100,2.86,overcast clouds
352,Coquimbo,CL,-29.9533,-71.3436,58.73,67,90,17.27,overcast clouds
353,Icod De Los Vinos,ES,28.3724,-16.7119,79.74,86,10,4.81,clear sky
354,Lagoa,PT,39.05,-27.9833,69.06,71,100,21.97,overcast clouds
355,Honiara,SB,-9.4333,159.95,76.44,86,59,7.29,broken clouds
356,Rorvik,NO,64.8621,11.2373,54.61,85,100,11.61,overcast clouds
357,Vostok,RU,46.4856,135.8833,49.87,98,100,2.8,moderate rain
358,Wanning,CN,18.8003,110.3967,79.48,87,25,0.83,scattered clouds
359,Kedrovyy,RU,56.1667,91.8167,46.81,93,100,5.59,overcast clouds
360,Hammerfest,NO,70.6634,23.6821,41.45,81,100,5.75,overcast clouds
361,Ankang,CN,32.68,109.0172,69.87,89,0,2.08,clear sky
362,Sesheke,ZM,-17.4759,24.2968,71.73,26,5,10.45,clear sky
363,Porto Novo,BJ,6.4965,2.6036,80.42,87,82,4.85,broken clouds
364,Asau,RO,46.4333,26.4,61.75,52,100,3.58,light rain
365,Saldanha,ZA,-33.0117,17.9442,59.05,94,100,8.81,overcast clouds
366,Ndioum,SN,16.5129,-14.6471,98.49,40,98,13.18,overcast clouds
367,Kalmunai,LK,7.4167,81.8167,80.08,70,68,7.76,broken clouds
368,Tomelloso,ES,39.1522,-3.0243,81.91,32,6,6.71,clear sky
369,Coachella,US,33.6803,-116.1739,106.34,33,0,5.01,clear sky
370,Bezenchuk,RU,52.982,49.4333,48.78,62,0,1.66,clear sky
371,Erdenet,MN,49.0333,104.0833,40.75,96,9,1.43,clear sky
372,Barabai,ID,-2.5833,115.3833,73.56,98,100,1.36,light rain
373,Comodoro Rivadavia,AR,-45.8667,-67.5,55.26,62,0,11.5,clear sky
374,Alenquer,BR,-1.9417,-54.7383,89.94,31,38,9.08,scattered clouds
375,Baiyin,CN,36.5583,104.2081,63.48,60,0,3.49,clear sky
376,Cayenne,GF,4.9333,-52.3333,87.84,72,0,7.0,clear sky
377,Sept-Iles,CA,50.2001,-66.3821,66.72,51,40,5.01,scattered clouds
378,Doka,SD,13.5167,35.7667,77.31,81,100,5.7,overcast clouds
379,Harqalah,TN,36.0303,10.509,84.79,54,0,17.27,clear sky
380,Southbridge,US,42.0751,-72.0334,77.81,56,100,1.01,overcast clouds
381,Honggang,CN,46.4667,124.8667,47.44,92,0,6.42,clear sky
382,Dubbo,AU,-32.25,148.6167,53.73,62,0,5.75,clear sky
383,Grindavik,IS,63.8424,-22.4338,51.75,76,40,10.36,scattered clouds
384,Svetlaya,RU,46.5389,138.3297,59.86,91,100,14.27,light rain
385,Nantucket,US,41.2835,-70.0995,76.96,68,5,14.63,clear sky
386,Saint-Joseph,RE,-21.3667,55.6167,70.18,79,21,14.47,light rain
387,Dabas,HU,47.1859,19.3109,71.02,35,6,5.5,clear sky
388,Dikson,RU,73.5069,80.5464,41.43,88,100,10.94,overcast clouds
389,Storforshei,NO,66.4043,14.5233,52.66,80,71,4.94,broken clouds
390,Port Hardy,CA,50.6996,-127.4199,60.98,82,75,2.3,light rain
391,Surt,LY,31.2089,16.5887,82.38,77,43,12.66,scattered clouds
392,Douglas,US,41.3,-96.167,88.9,52,1,8.05,clear sky
393,Suratgarh,IN,29.3167,73.9,80.62,77,51,15.55,broken clouds
394,Shawville,CA,45.6001,-76.4827,75.33,58,100,12.1,overcast clouds
395,Tecpan,GT,14.7623,-90.9947,63.72,87,100,4.63,overcast clouds
396,Arlit,NE,18.7369,7.3853,102.51,11,32,3.62,scattered clouds
397,Yarmouth,US,41.7057,-70.2286,76.96,55,95,5.99,overcast clouds
398,Dingle,PH,10.9995,122.6711,75.94,89,100,3.42,overcast clouds
399,Thinadhoo,MV,0.5333,72.9333,83.77,67,100,6.46,overcast clouds
400,Kaka,TM,37.3482,59.6143,71.67,24,0,5.95,clear sky
401,Petropavlovsk-Kamchatskiy,RU,53.0452,158.6483,28.99,86,0,2.24,clear sky
402,Starodzhereliyevskaya,RU,45.476,38.2968,64.15,85,100,4.81,light rain
403,Mattru,SL,7.6244,-11.8332,75.16,94,100,3.89,moderate rain
404,Gamba,GA,-2.65,10.0,75.13,91,100,9.13,overcast clouds
405,Taoudenni,ML,22.6783,-3.9836,105.48,9,1,9.75,clear sky
406,Flinders,AU,-34.5833,150.8552,64.2,46,0,12.46,clear sky
407,College,US,64.8569,-147.8028,48.65,78,20,0.0,haze
408,Bima,ID,-8.4667,118.7167,75.07,95,80,3.8,broken clouds
409,Mpwapwa,TZ,-6.35,36.4833,65.43,61,0,5.79,clear sky
410,Semirom,IR,31.4167,51.5667,62.11,21,0,4.45,clear sky
411,Beisfjord,NO,68.3751,17.5988,48.25,70,33,5.06,scattered clouds
412,Nokaneng,BW,-19.6667,22.2667,68.56,25,0,8.34,clear sky
413,Kautokeino,NO,69.0125,23.0412,42.53,68,100,11.41,overcast clouds
414,Chicama,PE,-7.8447,-79.1469,59.54,61,49,11.01,scattered clouds
415,Vavuniya,LK,8.7514,80.4971,78.89,74,100,9.95,overcast clouds
416,Walvis Bay,NA,-22.9575,14.5053,58.15,77,0,4.61,clear sky
417,Ozinki,RU,51.1786,49.6769,55.26,45,0,5.35,clear sky
418,Caluquembe,AO,-13.7833,14.6833,68.9,20,85,2.89,overcast clouds
419,Fairbanks,US,64.8378,-147.7164,48.42,78,20,0.0,haze
420,Gisborne,NZ,-38.6533,178.0042,39.94,78,3,7.45,clear sky
421,Pedernales,DO,18.0384,-71.744,88.14,59,0,9.57,clear sky
422,Gashua,NG,12.871,11.0482,92.5,41,21,5.86,few clouds
423,Kjollefjord,NO,70.9457,27.3465,42.87,75,99,4.54,overcast clouds
424,Salalah,OM,17.0151,54.0924,80.69,94,75,6.91,broken clouds
425,Dutlwe,BW,-23.9833,23.9,63.16,24,0,10.58,clear sky
426,Hwange,ZW,-18.3693,26.5019,69.37,34,0,2.93,clear sky
427,Garowe,SO,8.4054,48.4845,86.23,35,95,13.13,overcast clouds
428,Sire,NG,12.9299,5.2043,87.96,56,100,8.75,overcast clouds
429,Samarai,PG,-10.6167,150.6667,77.88,84,100,14.88,moderate rain
430,Henties Bay,NA,-22.116,14.2845,55.85,76,1,4.59,clear sky
431,Kampong Thum,KH,12.7111,104.8887,76.55,88,100,12.17,moderate rain
432,Bosaso,SO,11.2842,49.1816,93.94,42,31,5.55,scattered clouds
433,Penzance,GB,50.1186,-5.5371,61.81,82,66,4.54,broken clouds
434,Severo-Kurilsk,RU,50.6789,156.125,47.01,78,100,10.42,overcast clouds
435,Pochutla,MX,15.7432,-96.4661,83.82,81,100,3.27,overcast clouds
436,Aswan,EG,24.0934,32.907,90.7,22,0,12.66,clear sky
437,Yantal,RU,56.8471,105.2542,42.21,90,99,4.03,overcast clouds
438,Medvedka,RU,61.1629,46.387,45.23,87,66,8.28,moderate rain
439,Moose Factory,CA,51.2585,-80.6094,60.8,94,90,11.5,overcast clouds
440,Grand-Lahou,CI,5.1367,-5.0242,76.57,91,98,5.48,moderate rain
441,Kraskino,RU,42.7114,130.7794,55.89,79,0,11.74,clear sky
442,Tura,IN,25.5198,90.2201,75.72,93,100,2.13,overcast clouds
443,Nacogdoches,US,31.6002,-94.6335,88.11,39,0,5.97,clear sky
444,Acapulco,MX,16.8634,-99.8901,82.33,82,92,6.64,overcast clouds
445,Opuwo,NA,-18.0607,13.84,76.21,15,0,10.09,clear sky
446,Bouar,CF,5.934,15.596,65.43,90,10,4.12,clear sky
447,Villazon,BO,-22.0866,-65.5942,67.15,3,18,10.27,few clouds
448,Bucerias,MX,20.75,-105.3333,88.99,77,6,6.31,clear sky
449,Yar-Sale,RU,66.8333,70.8333,43.02,77,100,10.49,overcast clouds
450,Rawson,AR,-43.3002,-65.1023,60.67,58,100,21.59,overcast clouds
451,Azare,NG,11.6765,10.1948,80.78,72,70,10.89,light rain
452,Souillac,MU,-20.5167,57.5167,71.98,78,75,14.97,broken clouds
453,Qaqortoq,GL,60.7167,-46.0333,45.68,80,100,19.06,moderate rain
454,Rawicz,PL,51.6095,16.8585,72.28,78,88,6.02,overcast clouds
455,Gilbues,BR,-9.8317,-45.3439,100.36,14,8,9.82,clear sky
456,Whyalla,AU,-33.0333,137.5833,51.69,87,75,4.61,broken clouds
457,Ayan,RU,56.45,138.1667,53.58,83,94,11.68,light rain
458,Salamiyah,SY,35.0113,37.0532,70.0,71,0,14.72,clear sky
459,Alexandria,EG,31.2156,29.9553,78.76,61,40,11.5,scattered clouds
460,Ciudad Bolivar,VE,8.1222,-63.5497,92.93,40,79,8.77,broken clouds
461,Bouca,CF,6.5105,18.2733,69.37,93,100,0.47,overcast clouds
462,Alberton,CA,46.8168,-64.0654,66.33,54,5,14.41,clear sky
463,Adrar,MR,20.5022,-10.0711,85.71,47,90,30.22,overcast clouds
464,Kainan,JP,34.15,135.2,77.04,88,100,3.58,overcast clouds
465,Manzhouli,CN,49.6,117.4333,50.34,91,100,3.89,overcast clouds
466,Batman,TR,37.8874,41.1322,76.8,38,0,0.0,clear sky
467,Weilburg,DE,50.4833,8.25,66.36,79,93,4.07,overcast clouds
468,Oranjemund,NA,-28.55,16.4333,57.0,85,43,5.1,scattered clouds
469,Malabo,GQ,3.75,8.7833,78.17,81,100,5.93,overcast clouds
470,Santa Marta,CO,11.2408,-74.199,87.35,76,100,5.46,overcast clouds
471,Jalu,LY,29.0331,21.5482,92.25,24,0,6.26,clear sky
472,Genhe,CN,50.7833,121.5167,38.41,96,39,1.57,scattered clouds
473,Wuwei,CN,37.9281,102.6414,69.87,38,3,4.65,clear sky
474,Bireun,ID,5.203,96.7009,78.4,85,100,3.13,light rain
475,Ganzhou,CN,28.8184,115.4327,76.15,87,0,5.61,light rain
476,Coihaique,CL,-45.5752,-72.0662,48.81,76,90,8.05,light rain
477,Christchurch,NZ,-43.5333,172.6333,44.91,81,100,4.0,overcast clouds
478,Mangrol,IN,21.1167,70.1167,80.71,91,100,11.68,overcast clouds
479,Goundam,ML,16.4145,-3.6708,96.04,32,76,7.63,broken clouds
480,Chapleau,CA,47.8405,-83.4034,64.49,77,75,13.8,broken clouds
481,Yelyzavethradka,UA,48.8038,32.4046,66.0,47,100,6.46,overcast clouds
482,Strezhevoy,RU,60.7333,77.5889,48.18,96,100,6.35,light rain
483,Vallenar,CL,-28.5708,-70.7581,67.8,38,16,14.63,few clouds
484,Vila Franca Do Campo,PT,37.7167,-25.4333,72.01,74,96,16.35,overcast clouds
485,Hidalgotitlan,MX,17.7833,-94.6333,79.63,88,100,8.52,overcast clouds
486,Brownsville,US,25.9018,-97.4975,93.31,66,81,7.0,broken clouds
487,Fallon,US,39.4735,-118.7774,80.46,30,0,3.27,clear sky
488,Ahipara,NZ,-35.1667,173.1667,51.49,75,16,3.85,few clouds
489,Anito,PH,12.4497,125.2886,78.12,90,100,4.92,overcast clouds
490,Guca,RS,43.7767,20.2253,70.59,47,89,3.65,overcast clouds
491,Rusape,ZW,-18.5278,32.1284,49.17,75,0,3.76,clear sky
492,Matara,LK,5.9485,80.5353,78.15,86,68,9.84,broken clouds
493,San Luis,AR,-33.295,-66.3356,75.63,23,76,19.62,broken clouds
494,Mizdah,LY,31.4451,12.9801,80.06,57,1,10.92,clear sky
495,Mutis,CO,6.2262,-77.4044,80.19,83,100,8.59,light rain
496,Smithers,CA,54.7804,-127.1743,53.92,71,40,5.75,scattered clouds
497,Zyryanka,RU,65.75,150.85,32.0,69,100,4.45,overcast clouds
498,Kalabo,ZM,-14.97,22.6814,74.08,25,51,4.47,broken clouds
499,Lokoja,NG,7.8024,6.743,78.55,89,83,2.19,light rain
500,Boyolangu,ID,-8.1181,111.8935,74.19,95,97,5.73,overcast clouds
501,Fatezh,RU,52.0891,35.8632,58.98,57,100,5.68,overcast clouds
502,Edmundston,CA,47.3737,-68.3251,69.69,42,5,8.05,clear sky
503,Hinton,CA,53.4001,-117.5857,57.24,43,89,1.79,overcast clouds
504,Timra,SE,62.487,17.3257,54.68,96,90,2.3,light intensity drizzle
505,Santa Isabel Do Rio Negro,BR,-0.4139,-65.0192,83.84,69,100,3.02,very heavy rain
506,Ramshir,IR,30.8946,49.4092,91.15,12,0,10.11,clear sky
507,Sibu,MY,2.3,111.8167,79.11,94,40,2.3,scattered clouds
508,Puerto Baquerizo Moreno,EC,-0.9,-89.6,74.39,73,75,13.8,broken clouds
509,Likasi,CD,-10.9814,26.7333,65.64,38,12,3.76,few clouds
510,Olinda,BR,-8.0089,-34.8553,78.53,65,90,10.36,overcast clouds
511,Marinette,US,45.1,-87.6307,83.3,54,89,16.08,overcast clouds
512,Gasa,PS,31.5,34.4667,78.91,59,2,8.01,clear sky
513,Newtonmore,GB,57.066,-4.1192,54.99,93,100,6.24,overcast clouds
514,Vanavara,RU,60.34,102.2797,46.87,64,100,2.89,overcast clouds
515,Anchorage,US,61.2181,-149.9003,55.42,86,75,1.01,broken clouds
516,Dekar,BW,-21.5333,21.9333,64.53,26,0,9.17,clear sky
517,Kathu,TH,7.9178,98.3332,78.62,83,100,12.06,overcast clouds
518,Lubango,AO,-14.9172,13.4925,67.26,17,7,3.8,clear sky
519,Vitry-Le-Francois,FR,48.7333,4.5833,66.61,79,7,1.95,clear sky
520,Shalinskoye,RU,55.7228,93.7594,45.09,75,95,6.55,overcast clouds
521,Am Timan,TD,11.0297,20.2827,72.32,96,100,7.09,light rain
522,Acari,PE,-15.4311,-74.6158,73.83,55,59,9.44,broken clouds
523,Pontianak,ID,-0.0333,109.3333,76.98,100,90,1.14,overcast clouds
524,Husavik,IS,66.0449,-17.3389,48.11,94,100,17.25,overcast clouds
525,Bantou,CN,26.2151,117.4893,76.41,91,18,2.71,light rain
526,Canton,CN,23.1167,113.25,85.95,63,54,5.41,light rain
527,Santa Vitoria Do Palmar,BR,-33.5189,-53.3681,61.27,79,78,5.21,broken clouds
528,Malanville,BJ,11.8685,3.3899,83.61,71,89,7.7,overcast clouds
529,Bambanglipuro,ID,-7.95,110.2833,76.26,88,99,11.65,overcast clouds
530,Muroto,JP,33.2833,134.15,77.07,81,100,5.06,moderate rain
531,Lafayette,US,30.2335,-92.0668,87.93,55,0,1.99,clear sky
532,Beyneu,KZ,45.3167,55.2,69.55,41,0,8.05,clear sky
533,Zahirabad,IN,17.6833,77.6167,72.9,89,100,15.32,overcast clouds
534,Aloleng,PH,16.1307,119.7824,80.46,86,100,17.43,light rain
535,Ambilobe,MG,-13.2,49.05,69.94,64,98,5.73,overcast clouds
536,Catuday,PH,16.2923,119.8062,78.78,86,100,17.05,light rain
537,Bikaner,IN,28.0167,73.3,81.95,76,32,16.73,scattered clouds
538,Astana,KZ,51.1801,71.446,44.55,76,0,6.71,clear sky
539,Raga,SS,8.4596,25.678,71.37,91,78,3.0,broken clouds
540,Jumla,NP,29.2747,82.1838,58.86,90,85,2.3,overcast clouds
541,Homer,US,59.6425,-151.5483,54.09,79,78,5.99,broken clouds
542,Kincardine,GB,56.0667,-3.7167,61.84,84,6,7.18,clear sky
543,Nouadhibou,MR,20.931,-17.0347,87.78,66,98,11.5,overcast clouds
544,Seymchan,RU,62.8833,152.4333,28.85,76,90,1.68,overcast clouds
545,Moba,CN,33.2288,105.0179,56.71,96,55,2.01,broken clouds
546,Yulara,AU,-25.2406,130.9889,58.84,25,0,9.22,clear sky
547,Chiang Khong,TH,20.2613,100.4046,77.32,95,99,0.13,overcast clouds
548,Hofn,IS,64.2539,-15.2082,53.92,71,20,5.26,few clouds
549,Nampula,MZ,-15.1165,39.2666,73.35,73,40,12.66,scattered clouds
550,Tiarei,PF,-17.5333,-149.3333,78.82,64,35,14.09,scattered clouds
551,Tessalit,ML,20.1986,1.0114,101.84,11,92,10.4,overcast clouds
552,Savannakhet,LA,16.566,104.751,74.62,96,100,4.27,light rain
553,Pontian Kecil,MY,1.4801,103.3899,82.53,85,95,4.94,overcast clouds
554,Gat,IL,31.61,34.7642,77.81,62,1,6.33,clear sky
555,Vila Velha,BR,-20.3297,-40.2925,84.15,65,0,16.11,clear sky
556,Manaus,BR,-3.1019,-60.025,93.69,52,40,4.61,scattered clouds
557,Stephenville,US,32.2207,-98.2023,91.49,37,1,4.61,clear sky
558,Tiznit,MA,29.5833,-9.5,82.87,33,0,3.85,clear sky
559,Kushiro,JP,42.975,144.3747,61.57,91,100,7.76,overcast clouds
560,Ipixuna,BR,-1.7625,-48.8043,85.95,61,67,9.44,broken clouds
561,Madison,US,34.7334,-86.5667,85.68,51,40,1.99,scattered clouds
562,Gushi,CN,34.6425,109.5843,70.84,66,0,4.85,clear sky
563,Winchester,GB,51.0651,-1.3187,65.64,67,20,4.61,few clouds
564,Manzil Kamil,TN,35.6248,10.6673,84.38,61,20,21.85,few clouds
565,Jiuquan,CN,39.7432,98.5174,67.44,30,100,6.96,overcast clouds
566,Westport,US,41.1415,-73.3579,79.61,52,97,1.01,overcast clouds
567,Kolpashevo,RU,58.3131,82.9089,42.33,97,92,5.46,overcast clouds
568,Palmer,US,42.1584,-72.3287,77.49,51,40,5.01,scattered clouds
569,Trairi,BR,-3.2778,-39.2689,82.56,67,5,15.95,clear sky
570,North Bend,US,43.4065,-124.2243,73.24,66,8,9.46,clear sky
571,Zhezkazgan,KZ,47.8043,67.7144,56.37,62,100,10.67,overcast clouds
572,Tommot,RU,58.9564,126.2925,42.4,91,5,2.33,clear sky
573,Gornyy,RU,55.1153,83.9059,51.8,94,100,14.29,light rain
574,Mareeba,AU,-17.0,145.4333,66.92,94,98,2.73,light rain
575,Bintulu,MY,3.1667,113.0333,77.41,94,40,0.0,scattered clouds
576,Calama,CL,-22.4667,-68.9333,72.09,12,85,20.71,overcast clouds
577,Tateyama,JP,34.9833,139.8667,75.22,87,100,5.7,overcast clouds
578,Sao Sebastiao,BR,-23.76,-45.4097,74.17,72,15,2.55,few clouds
579,Bairiki,KI,1.3292,172.9752,82.4,78,40,16.11,scattered clouds
580,Huanuni,BO,-18.2667,-66.85,59.49,11,13,10.04,few clouds
581,Miragoane,HT,18.4423,-73.0876,85.6,59,12,0.85,few clouds
582,Sao Domingos,BR,-13.3983,-46.3183,99.93,12,8,1.92,clear sky
583,Bollnas,SE,61.3482,16.3946,60.13,98,100,3.83,overcast clouds
584,Muisne,EC,0.6,-80.0333,80.71,81,98,13.6,overcast clouds
585,Uruzgan,AF,32.8333,66.0,66.9,23,0,1.01,clear sky
586,Ecoporanga,BR,-18.3733,-40.8306,91.31,28,4,9.48,clear sky
587,Pontes E Lacerda,BR,-15.2261,-59.3353,98.38,24,85,2.93,overcast clouds
588,De Aar,ZA,-30.6497,24.0123,70.43,28,3,8.19,clear sky
589,Paracuru,BR,-3.41,-39.0306,84.22,67,13,17.13,few clouds
590,Valinhos,BR,-22.9706,-46.9958,82.17,39,0,10.36,clear sky
591,Malakal,SS,9.5334,31.6605,73.58,89,100,5.35,overcast clouds
592,Ambulu,ID,-8.345,113.6058,75.15,94,100,2.57,overcast clouds
593,Ereymentau,KZ,51.6199,73.1033,44.29,75,84,9.46,broken clouds
594,Sao Jose Da Coroa Grande,BR,-8.8978,-35.1478,79.34,68,9,8.59,clear sky
595,Svay Rieng,KH,11.0879,105.7993,76.78,85,100,8.86,light rain
596,Beringovskiy,RU,63.05,179.3167,36.73,98,100,23.42,moderate rain
597,Gananoque,CA,44.3334,-76.1661,75.34,51,9,17.85,clear sky
598,Pacific Grove,US,36.6177,-121.9166,84.15,81,40,3.0,scattered clouds
599,Nalut,LY,30.3333,10.85,91.27,18,62,13.4,broken clouds
600,Zhigansk,RU,66.7697,123.3711,42.15,71,16,8.75,few clouds
601,Dourbali,TD,11.8091,15.8632,82.63,66,100,5.21,overcast clouds
602,Kodinsk,RU,58.6881,99.1844,43.57,84,69,4.45,broken clouds
603,Kommunisticheskiy,RU,61.6789,64.4819,39.0,91,100,14.65,overcast clouds
604,Togul,RU,53.465,85.9128,55.44,68,100,13.0,overcast clouds
605,Valka,LV,57.7752,26.0101,56.05,95,25,1.14,scattered clouds
606,Haines Junction,CA,60.7522,-137.5108,42.75,87,100,0.0,overcast clouds
607,La Cruz,MX,23.9167,-106.9,86.41,60,5,4.36,clear sky
608,Saint-Augustin,CA,51.226,-58.6502,59.9,62,87,24.67,overcast clouds
609,Takoradi,GH,4.8845,-1.7554,76.17,93,99,9.55,moderate rain
610,Nieuwpoort,BE,51.1244,2.7735,64.02,77,1,6.91,clear sky
611,Straumen,NO,63.8709,11.2999,56.62,95,100,3.69,overcast clouds
612,Barcelos,PT,41.5388,-8.6151,73.69,73,29,1.72,scattered clouds
613,Uray,RU,60.1247,64.7758,40.5,79,100,17.81,overcast clouds
614,Sompeta,IN,18.9333,84.6,80.1,86,100,4.27,heavy intensity rain
615,Caiaponia,BR,-16.9567,-51.8103,96.96,16,88,4.14,overcast clouds
616,Sao Joao Da Barra,BR,-21.6403,-41.0511,77.09,80,96,13.0,overcast clouds
617,Atambua,ID,-9.1061,124.8925,72.25,86,36,3.78,scattered clouds
618,Champerico,GT,14.3,-91.9167,86.76,83,100,15.32,overcast clouds
619,Ullapool,GB,57.8987,-5.1604,57.76,97,100,5.3,overcast clouds
620,Gombe,NG,10.2897,11.1673,79.88,70,33,3.67,scattered clouds
621,Dombas,NO,62.0696,9.1235,55.35,93,100,3.0,light rain
622,Kosh-Agach,RU,50.0,88.6667,39.97,49,98,1.39,overcast clouds
623,Athabasca,CA,54.7169,-113.2854,65.23,89,100,7.18,overcast clouds
624,San Nicolas,PH,18.1725,120.5953,78.71,89,90,11.5,moderate rain
625,Northam,GB,51.0333,-4.2167,61.66,82,30,7.07,scattered clouds
626,Banda Aceh,ID,5.5577,95.3222,79.25,80,100,10.47,heavy intensity rain
627,Lewiston,US,44.1003,-70.2148,76.86,57,40,1.01,scattered clouds
628,Vieques,PR,18.425,-65.8329,88.9,70,6,12.91,clear sky
629,Batagay,RU,67.6333,134.6333,40.19,60,79,4.03,broken clouds
630,Pemba,MZ,-12.974,40.5178,75.92,78,0,15.57,clear sky
631,Chiang Kham,TH,19.5233,100.3,76.91,95,19,2.8,few clouds
632,Uttarkashi,IN,30.7333,78.45,69.53,82,100,5.57,overcast clouds
633,Seoul,KR,37.5683,126.9778,67.44,88,0,3.44,clear sky
634,Chapais,CA,49.7834,-74.8492,67.78,51,65,14.65,broken clouds
635,Vicuna,CL,-30.0319,-70.7081,51.53,49,81,10.16,broken clouds
636,Barcelona,ES,41.3888,2.159,77.7,77,20,1.01,few clouds
637,Young,UY,-32.6833,-57.6333,68.23,62,3,9.19,clear sky
638,Mount Isa,AU,-20.7333,139.5,60.57,51,47,0.0,scattered clouds
639,Axim,GH,4.8699,-2.2405,75.85,91,100,3.76,moderate rain
640,Atar,MR,20.5169,-13.0499,84.96,54,97,22.17,overcast clouds
641,Talnakh,RU,69.4865,88.3972,42.62,97,100,10.58,light rain
642,Kiunga,PG,-6.1219,141.2906,72.81,100,100,0.65,overcast clouds
643,Bud,US,39.447,-86.1758,84.2,60,6,15.7,clear sky
644,Jeremie,HT,18.65,-74.1167,86.23,65,19,3.69,few clouds
645,Soe,ID,-9.8607,124.284,64.15,90,20,3.47,few clouds
646,Karratha,AU,-20.7377,116.8463,73.15,37,0,13.69,light rain
647,Poltavka,RU,54.3663,71.7632,44.1,81,97,15.3,overcast clouds
648,Itoman,JP,26.1247,127.6694,82.78,89,75,11.5,moderate rain
649,Eureka,US,40.8021,-124.1637,69.21,76,2,5.01,clear sky
650,Pangnirtung,CA,66.1451,-65.7125,37.4,70,20,12.66,few clouds
651,Yarada,IN,17.65,83.2667,79.12,100,75,3.44,mist
652,Mirandopolis,BR,-21.1336,-51.1017,92.95,26,94,2.82,light rain
653,Lakes Entrance,AU,-37.8811,147.981,55.58,91,100,8.9,overcast clouds
654,Egvekinot,RU,66.3167,-179.1667,26.47,78,100,23.11,overcast clouds
655,Kemijarvi,FI,66.7131,27.4306,39.47,77,100,2.57,overcast clouds
656,Vaitape,PF,-16.5167,-151.75,77.43,70,14,15.59,few clouds
657,Kachug,RU,53.9606,105.8817,40.06,93,66,2.53,broken clouds
658,Gornopravdinsk,RU,60.05,69.9,42.71,98,100,10.83,light rain
659,Saint-Louis,SN,16.3333,-15.0,98.24,42,86,13.09,overcast clouds
660,Cam Ranh,VN,11.9214,109.1591,80.56,74,20,2.3,few clouds
661,Ondjiva,AO,-17.0667,15.7333,73.45,19,7,8.12,clear sky
662,Syracuse,IT,37.0881,15.2792,70.9,74,4,7.78,clear sky
663,Hirtshals,DK,57.5881,9.9592,64.22,93,69,12.48,light rain
664,Abha,SA,18.2164,42.5053,71.42,83,0,4.61,clear sky
665,Rudbar,AF,30.15,62.6,78.94,21,0,9.24,clear sky
666,Angoche,MZ,-16.2325,39.9086,74.32,79,65,11.36,broken clouds
667,Pacifica,US,37.6138,-122.4869,84.67,81,58,4.0,broken clouds
668,Muros,ES,42.7762,-9.0603,75.7,80,41,1.43,scattered clouds
669,Rocha,UY,-34.4833,-54.3333,61.57,80,91,6.76,overcast clouds
670,Carbonia,IT,39.1672,8.5222,74.84,77,24,7.14,few clouds
671,Sorong,ID,-0.8833,131.25,79.05,83,100,5.01,overcast clouds
672,Qasigiannguit,GL,68.8193,-51.1922,30.67,48,0,5.21,clear sky
673,Gejiu,CN,23.306,103.1635,55.92,71,0,0.27,clear sky
674,Luba,GQ,3.4568,8.5547,77.95,80,99,3.65,overcast clouds
675,Lasa,IT,46.6166,10.7002,63.36,86,79,1.52,broken clouds
676,Tashtagol,RU,52.7657,87.8894,49.89,69,100,3.74,overcast clouds
677,Cravo Norte,CO,6.3017,-70.2041,80.71,75,94,7.45,overcast clouds
678,Balkanabat,TM,39.5108,54.3671,81.5,20,0,15.59,clear sky
679,Altay,CN,47.8667,88.1167,51.26,29,69,5.44,broken clouds
680,Semey,KZ,50.4111,80.2275,58.48,74,100,11.52,light rain
681,Reyes,BO,-14.3167,-67.3833,95.97,30,22,3.74,few clouds
682,Vicosa,BR,-20.7539,-42.8819,89.33,25,100,8.48,overcast clouds
683,Lumphat,KH,13.4878,106.9816,73.45,98,100,8.75,moderate rain
684,Broken Hill,AU,-31.95,141.4333,53.31,66,0,11.5,clear sky
685,Kroya,ID,-7.6331,109.2461,76.28,90,100,8.81,overcast clouds
686,Cranendonck,NL,51.2775,5.5837,64.92,95,90,2.3,overcast clouds
